<assembly xmlns="http://maven.apache.org/plugins/maven-assembly-plugin/assembly/1.1.3" xmlns:xsi="http://www.w3.org/2001/XMLSchema-instance" xsi:schemaLocation="http://maven.apache.org/plugins/maven-assembly-plugin/assembly/1.1.3 http://maven.apache.org/xsd/assembly-1.1.3.xsd">
	<id>bin</id>
	<formats>
		<format>tgz</format>
	</formats>
	<moduleSets>
		<moduleSet>
			<useAllReactorProjects>true</useAllReactorProjects>
			<includes>
				<include>${groupId}:hedwig-api*:jar:${version}</include>
				<include>${groupId}:hedwig-server*:jar:${version}</include>
				<include>${groupId}:hedwig-adm*:jar:${version}</include>
			</includes>
			<binaries>
				<outputDirectory>lib</outputDirectory>
				<unpack>false</unpack>
			</binaries>
		</moduleSet>
	</moduleSets>
	<fileSets>
		<fileSet>
			<outputDirectory></outputDirectory>
			<directory>src/release</directory>
		</fileSet>
	</fileSets>
</assembly>
