<?xml version="1.0" encoding="ISO-8859-1"?>
<!--
   Licensed to the Apache Software Foundation (ASF) under one or more
   contributor license agreements.  See the NOTICE file distributed with
   this work for additional information regarding copyright ownership.
   The ASF licenses this file to You under the Apache License, Version 2.0
   (the "License"); you may not use this file except in compliance with
   the License.  You may obtain a copy of the License at

       http://www.apache.org/licenses/LICENSE-2.0

   Unless required by applicable law or agreed to in writing, software
   distributed under the License is distributed on an "AS IS" BASIS,
   WITHOUT WARRANTIES OR CONDITIONS OF ANY KIND, either express or implied.
   See the License for the specific language governing permissions and
   limitations under the License.
  -->
<project name="Hedwig Mail Server">
  <publishDate position="none"/>
  <bannerLeft>
    <name>Hedwig Mail Server</name>
    <src>/images/logos/hedwig_logo.jpg</src>
    <href>/</href>
  </bannerLeft>
  <bannerRight>
    <name>Get Hedwig Mail Server at SourceForge.net. Fast, secure and Free Open Source software downloads</name>
    <src>http://sflogo.sourceforge.net/sflogo.php?group_id=383597&amp;type=16</src>
    <href>http://sourceforge.net/projects/hwmail/</href>
  </bannerRight>
  <body>
    <menu name="Hedwig Mail Server">
      <item name="Home"                       href="/index.html" />
      <item name="Project Home"               href="http://sourceforge.net/projects/hwmail/" />
	  <item name="Downloads"                  href="http://sourceforge.net/projects/hwmail/files" />
    </menu>
    <menu name="Documentation">
      <item name="Installation"               href="/doc/installation.html"/>
      <item name="Configuration"              href="/doc/configuration.html"/>
      <item name="Running the server"         href="/doc/running.html"/>
      <item name="JAAS LoginModule"           href="/doc/jaas.html"/>
      <item name="Using SSL/TLS"              href="/doc/usingtls.html"/>
      <item name="Sieve"                      href="/doc/sieve.html"/>
      <item name="Administration"             href="/doc/administration.html"/>
      <item name="Web Console"                href="/doc/webconsole.html"/>
      <item name="References"                 href="/doc/bibliography.html"/>
    </menu>
    ${reports}
  </body>
</project>
