<?xml version="1.0" encoding="UTF-8"?>
<beans xmlns="http://www.springframework.org/schema/beans"
	xmlns:xsi="http://www.w3.org/2001/XMLSchema-instance"
	xmlns:mvc="http://www.springframework.org/schema/mvc"
	xmlns:context="http://www.springframework.org/schema/context"
	xmlns:task="http://www.springframework.org/schema/task"
	xsi:schemaLocation="http://www.springframework.org/schema/mvc http://www.springframework.org/schema/mvc/spring-mvc.xsd
		http://www.springframework.org/schema/beans http://www.springframework.org/schema/beans/spring-beans.xsd
		http://www.springframework.org/schema/context http://www.springframework.org/schema/context/spring-context.xsd
		http://www.springframework.org/schema/task http://www.springframework.org/schema/task/spring-task.xsd">

	<!-- DispatcherServlet Context: defines this servlet's request-processing infrastructure -->

	<!-- http://docs.spring.io/spring/docs/3.1.x/spring-framework-reference/html/mvc.html#mvc-default-servlet-handler -->
	<mvc:default-servlet-handler/>

	<!-- <bean class="org.springframework.web.servlet.mvc.annotation.DefaultAnnotationHandlerMapping">
		<property name="alwaysUseFullPath" value="true"/>
	</bean> -->

	<!-- Configuring Serving of Resources -->
	<mvc:resources mapping="/css/**" location="/css/" />
	<mvc:resources mapping="/fonts/**" location="/fonts/" />
	<mvc:resources mapping="/images/**" location="/images/" />
	<mvc:resources mapping="/js/**" location="/js/" />
	
	<bean id="viewResolver" class="org.springframework.web.servlet.view.UrlBasedViewResolver">
		<property name="viewClass" value="org.springframework.web.servlet.view.JstlView" />
		<property name="prefix" value="/WEB-INF/view/" />
		<property name="suffix" value=".jsp" />
	</bean>

	<!-- ========================= RESOURCE DEFINITIONS ========================= -->
	<bean id="messageSource" class="org.springframework.context.support.ResourceBundleMessageSource">
		<property name="basenames">
			<list>
				<value>messages/viewcontent</value>
				<value>messages/errormessages</value>
			</list>
		</property>
		<property name="fallbackToSystemLocale" value="false" />
	</bean>

	<bean id="messageSourceAccessor"
		class="org.springframework.context.support.MessageSourceAccessor">
		<constructor-arg>
			<ref bean="messageSource" />
		</constructor-arg>
	</bean>
	
	<bean id="multipartResolver"
	    class="org.springframework.web.multipart.commons.CommonsMultipartResolver">
	    <property name="defaultEncoding" value="UTF-8" />
	</bean>

	<bean id="localeResolver"
		class="org.springframework.web.servlet.i18n.SessionLocaleResolver">
		<property name="defaultLocale" value="en" />
	</bean>

	<!-- Enables the Spring MVC @Controller programming model -->
	<mvc:annotation-driven />

	<mvc:interceptors>
		<mvc:interceptor>
			<mvc:mapping path="/*" />
			<bean id="localeChangeInterceptor"
				class="org.springframework.web.servlet.i18n.LocaleChangeInterceptor">
				<property name="paramName" value="language" />
			</bean>
		</mvc:interceptor>
	</mvc:interceptors>

	<!-- Support for @Autowired -->
	<context:annotation-config />
	
	<context:component-scan base-package="com.hs.mail.webmail.controller" />

	<bean id="properties"
		class="org.springframework.beans.factory.config.PropertiesFactoryBean">
		<property name="location" value="/WEB-INF/default.properties" />
	</bean>

	<bean id="textproc"
		class="org.springframework.beans.factory.config.PropertiesFactoryBean">
		<property name="location" value="/WEB-INF/textproc.properties" />
	</bean>

	<bean id="processingKernel" class="com.hs.mail.webmail.util.text.ProcessingKernel">
		<property name="properties" ref="textproc" />
	</bean>

	<bean id="configuration" class="com.hs.mail.webmail.config.Configuration">
		<property name="properties" ref="properties" />
		<property name="messageSourceAccessor" ref="messageSourceAccessor" />
		<property name="defaultMessageProcessor" value="cleanmessage"></property>
		<property name="processingKernel" ref="processingKernel" />
	</bean>
	
	<bean class="com.hs.mail.webmail.dao.std.SimplePreferencesDAO" />

	<bean id="rsvdsender" class="com.hs.mail.webmail.schedule.ReservedMailSender"
		depends-on="configuration">
	</bean>

	<task:scheduled-tasks scheduler="scheduler">
		<task:scheduled ref="rsvdsender" method="send" fixed-delay="50000" initial-delay="10000" />
	</task:scheduled-tasks>

	<task:scheduler id="scheduler"/>
	
</beans>
