<?xml  version="1.0" encoding="UTF-8"?>
<beans xmlns="http://www.springframework.org/schema/beans"
	xmlns:xsi="http://www.w3.org/2001/XMLSchema-instance" xmlns:task="http://www.springframework.org/schema/task"
	xsi:schemaLocation="http://www.springframework.org/schema/beans http://www.springframework.org/schema/beans/spring-beans-3.0.xsd
	        http://www.springframework.org/schema/task http://www.springframework.org/schema/task/spring-task-3.0.xsd">

	<!-- =================================================================== -->
	<!-- JMX -->
	<!-- =================================================================== -->
	<bean id="mbeanServer" class="org.springframework.jmx.support.MBeanServerFactoryBean"/>

	<bean id="exporter" class="org.springframework.jmx.export.MBeanExporter">
		<property name="beans">
			<map>
				<entry key="bean:name=imap.server" value-ref="imap.server"/>
			</map>
		</property>
		<property name="server" ref="mbeanServer"/>
	</bean>
	
	<bean id="registry" class="org.springframework.remoting.rmi.RmiRegistryFactoryBean">
		<property name="port" value="1099"/>
	</bean>

	<bean id="serverConnector" class="org.springframework.jmx.support.ConnectorServerFactoryBean">
		<property name="objectName" value="connector:name=rmi"/>
		<property name="serviceUrl" value="service:jmx:rmi://localhost/jndi/rmi://localhost:1099/hwmail"/>
	</bean>

</beans>