<?xml version="1.0" encoding="UTF-8"?>

<beans xmlns="http://www.springframework.org/schema/beans"
	xmlns:lang="http://www.springframework.org/schema/lang" xmlns:xsi="http://www.w3.org/2001/XMLSchema-instance"
	xmlns:aop="http://www.springframework.org/schema/aop"
	xsi:schemaLocation="http://www.springframework.org/schema/beans http://www.springframework.org/schema/beans/spring-beans.xsd http://www.springframework.org/schema/lang http://www.springframework.org/schema/lang/spring-lang.xsd http://www.springframework.org/schema/aop http://www.springframework.org/schema/aop/spring-aop-2.0.xsd">

	<!-- =================================================================== -->
	<!-- DNS HELPER -->
	<!-- =================================================================== -->
	<bean id="dns.server" class="com.hs.mail.dns.DnsServer"/>
	
	<!-- =================================================================== -->
	<!-- SMTP SERVER -->
	<!-- =================================================================== -->
	
	<bean id="smtp.server" class="com.hs.mail.smtp.server.SmtpServer" depends-on="config">
		<property name="port" value="25"/>
		<property name="taskExecutor" ref="smtp.taskExecutor"/>
	</bean>

	<!-- Use the following to enable SSL/TLS for SMTP -->
	<!-- 
	<bean id="smtps.server" class="com.hs.mail.smtp.server.SmtpServer" depends-on="config">
		<property name="useTLS" value="true"/>
		<property name="port" value="465"/>
		<property name="taskExecutor" ref="smtp.taskExecutor"/>
	</bean>
	-->

	<bean id="smtp.taskExecutor" class="org.springframework.scheduling.concurrent.ThreadPoolTaskExecutor">
		<property name="corePoolSize" value="5" />
  		<property name="maxPoolSize" value="10" />
  		<property name="queueCapacity" value="25" />
  		<property name="waitForTasksToCompleteOnShutdown" value="true" />
    	<property name="awaitTerminationSeconds" value="10" />
	</bean>

	<!-- =================================================================== -->
	<!-- MESSAGE SPOOL DEFINITION -->
	<!-- =================================================================== -->
	<bean id="smtp.spool" class="com.hs.mail.smtp.spool.SpoolRepository">
		<property name="consumers">
			<list>
				<ref bean="smtp.consumer"/>
			</list>
		</property>
	</bean>
	
	<bean id="smtp.consumer" class="com.hs.mail.smtp.spool.SmtpMessageConsumer">
		<property name="retryDelayTime" value="0"/>
		<property name="mailetContext" ref="mailetContext" />
		<property name="mailets">
			<list>
				<ref bean="deliver.local"/>
				<ref bean="deliver.remote"/>
			</list>
		</property>
	</bean>
	
	<bean id="mailetContext" class="com.hs.mail.mailet.DefaultMailetContext">
		<property name="userManager" ref="userManager" />
		<property name="mailboxManager" ref="mailboxManager" />
	</bean>
	
	<!-- =================================================================== -->
	<!-- MAILET DEFINITIONS -->
	<!-- =================================================================== -->
	<bean id="deliver.local" class="com.hs.mail.mailet.LocalDelivery">
		<property name="mailets">
			<list>
				<bean class="com.hs.mail.mailet.AliasingForwarding" />
				<bean class="com.hs.mail.mailet.ToRepository" />
			</list>
		</property>
	</bean>

	<bean id="deliver.remote" class="com.hs.mail.mailet.RemoteDelivery" />
	
	<!-- =================================================================== -->
	<!-- PROPERTY PLACEHOLDER -->
	<!-- =================================================================== -->
	<bean class="org.springframework.beans.factory.config.PropertyPlaceholderConfigurer">
	    <property name="locations">
	        <value>file:${app.home}/conf/default.properties</value>
	    </property>
	</bean>

	<!-- =================================================================== -->
	<!-- LOGGING -->
	<!-- =================================================================== -->
	<bean id="log4jInitialization" class="org.springframework.beans.factory.config.MethodInvokingFactoryBean">
		<property name="targetClass" value="org.springframework.util.Log4jConfigurer" />
		<property name="targetMethod" value="initLogging" />
		<property name="arguments">
			<list>
				<value>file:${app.home}/conf/log4j.properties</value>
			</list>
		</property>
	</bean>

	<!-- =================================================================== -->
	<!-- APPLICATION CONTEXT AWARE COMPONENT -->
	<!-- =================================================================== -->
	<bean id="componentManager" class="com.hs.mail.container.config.ComponentManager"/>

	<!-- =================================================================== -->
	<!-- GLOBAL CONFIGURATION -->
	<!-- =================================================================== -->
	<bean id="config" class="com.hs.mail.container.config.Config" depends-on="log4jInitialization">
		<property name="properties" ref="def.props" />
	</bean>

	<bean id="def.props" class="org.springframework.beans.factory.config.PropertiesFactoryBean">
		<property name="location" value="file:${app.home}/conf/default.properties" />
	</bean>
	
	<!-- =================================================================== -->
	<!-- JAAS LOGIN CONFIGURATION -->
	<!-- =================================================================== -->
	<bean id="jaasLoginConfig" class="com.hs.mail.security.config.JaasLoginSupport">
		<property name="location" value="file:${app.home}/conf/login.config" />
	</bean>
	
	<!-- =================================================================== -->
	<!-- FACADE FOR DAOS -->
	<!-- =================================================================== -->
	<bean id="userManager" class="com.hs.mail.imap.user.DefaultUserManager">
		<property name="transactionManager" ref="txManager"/>
	</bean>
	
	<bean id="mailboxManager" class="com.hs.mail.imap.mailbox.DefaultMailboxManager">
		<property name="transactionManager" ref="txManager"/>
	</bean>

	<!-- =================================================================== -->
	<!-- DATASOURCE DEFINITION -->
	<!-- =================================================================== -->
    <bean id="dataSource" class="org.apache.commons.dbcp.BasicDataSource">
        <property name="driverClassName" value="${jdbc.driver}"/>
        <property name="url" value="${jdbc.url}"/>
        <property name="username" value="${jdbc.user}"/>
        <property name="password" value="${jdbc.password}"/>
        <property name="maxActive" value="${jdbc.maxActive}"/>
        <property name="maxIdle" value="${jdbc.maxIdle}"/>
        <property name="maxWait" value="10000"/>
        <property name="minEvictableIdleTimeMillis" value="600000"/>
        <property name="defaultAutoCommit" value="false"/>
    </bean>
    
	<!-- =================================================================== -->
	<!-- TRANSACTION MANAGER -->
	<!-- =================================================================== -->
	<bean id="txManager" class="org.springframework.jdbc.datasource.DataSourceTransactionManager">
		<property name="dataSource" ref="dataSource"/>
	</bean>

	<!-- =================================================================== -->
	<!-- DAO FACTORY -->
	<!-- =================================================================== -->
	<bean id="daoFactory" class="com.hs.mail.imap.dao.DaoFactory"
		factory-method="getInstance">
		<constructor-arg ref="dataSource"/>
	</bean>

	<!-- =================================================================== -->
	<!-- PROFILER -->
	<!-- =================================================================== -->
    <!--
    <bean id="profiler" class="com.hs.mail.aop.SimpleProfiler">
		<property name="logName" value="profile" />
    </bean>

	<aop:config>
		<aop:aspect ref="profiler">
			<aop:pointcut id="pointcut1"
				expression="execution(public * com.hs.mail.imap.mailbox.MailboxManager.*(..))" />
			<aop:around pointcut-ref="pointcut1" method="profile" />
		</aop:aspect>
	</aop:config>
	-->
	
</beans>